"//(Note: The 'images' folder is assumed to be in the ""/content/<course path>/"" directory)",,,,
//Question Text is always a required field,,,,
// Specify an ID as Un_topic where n is the unit number,,,,
,,,,
//SHORT ANSWER QUESTION TYPE,,,,
//Answers must include text in column3,,,,
NewQuestion,SA,,,
ID,U1,,,
Title,Threshold activation function disadvantages,,,
QuestionText,What are the disadvantages to using a threshold function for a node's activation function discussed in class?,,,
Points,1,,,
Difficulty,3,,,
Answer,100,"Derivative is not continuously defined, certain arbitrarily small changes in input produce large changes in output, cannot produce continuously variable output",regexp,
Answer,66,"Any two of: Derivative is not continuously defined, certain arbitrarily small changes in input produce large changes in output, cannot produce continuously variable output",,
Answer,33,"Any one of: Derivative is not continuously defined, certain arbitrarily small changes in input produce large changes in output, cannot produce continuously variable output",,
Feedback,"Despite being an easily understood model of neuron behaviour, the threshold activation function imposes certain limitations on functionality and analysis, such as those mentioned here. You can probably think of other valid disadvantages to its use.",,,
,,,,
,,,,
//MULTIPLE CHOICE QUESTION TYPE,,,,
//Options must include text in column3,,,,
NewQuestion,MC,,,
ID,U1,,,
Title,Volume calculation in 3D input space,,,
QuestionText,What is the size of the volume of input space which corresponds to the activation of this neural network?,,,
Points,1,,,
Difficulty,6,,,
Image,images/MCU1.png,,,
Option,0,2,,That is incorrect
Option,0,4,,That is incorrect
Option,100,6,,Correct!
Option,0,8,,That is incorrect
Hint," Note that with 3 input variables, input nodes produce planes rather than lines. It may help to draw the input space.",,,
Feedback,"Such a volume can be found by converting the inputs, combined with their weights, into inequalities. The inequalities can be rearranged to find ranges for each input variable which activate the network. These ranges are bounded by planes which, when combined, partition a volume in input space.",,,
