"//(Note: The 'images' folder is assumed to be in the ""/content/<course path>/"" directory)",,,,
//Question Text is always a required field,,,,
// Specify an ID as Un_topic where n is the unit number,,,,
,,,,
//SHORT ANSWER QUESTION TYPE,,,,
//Answers must include text in column3,,,,
NewQuestion,SA,,,
ID,U1,,,
Title,Threshold activation function disadvantages,,,
QuestionText,What are the disadvantages to using a threshold function for a node's activation function discussed in class?,,,
Points,1,,,
Difficulty,3,,,
Answer,100,"Derivative is not continuously defined, certain arbitrarily small changes in input produce large changes in output, cannot produce continuously variable output",regexp,
Answer,66,"Any two of: Derivative is not continuously defined, certain arbitrarily small changes in input produce large changes in output, cannot produce continuously variable output",,
Answer,33,"Any one of: Derivative is not continuously defined, certain arbitrarily small changes in input produce large changes in output, cannot produce continuously variable output",,
Feedback,"Despite being an easily understood model of neuron behaviour, the threshold activation function imposes certain limitations on functionality and analysis, such as those mentioned here. You can probably think of other valid disadvantages to its use.",,,
,,,,
,,,,
//MULTIPLE CHOICE QUESTION TYPE,,,,
//Options must include text in column3,,,,
NewQuestion,MC,,,
ID,U1,,,
Title,Volume calculation in 3D input space,,,
QuestionText,What is the size of the volume of input space which corresponds to the activation of this neural network?,,,
Points,1,,,
Difficulty,6,,,
Image,images/MCU1.png,,,
Option,0,2,,That is incorrect
Option,0,4,,That is incorrect
Option,100,6,,Correct!
Option,0,8,,That is incorrect
Hint," Note that with 3 input variables, input nodes produce planes rather than lines. It may help to draw the input space.",,,
Feedback,"Such a volume can be found by converting the inputs, combined with their weights, into inequalities. The inequalities can be rearranged to find ranges for each input variable which activate the network. These ranges are bounded by planes which, when combined, partition a volume in input space.",,,
,,,,
,,,,
//SHORT ANSWER QUESTION TYPE,,,,
//Answers must include text in column3,,,,
NewQuestion,SA,,,
ID,U2,,,
Title,Hidden layer weight updates,,,
QuestionText,Why are changes in hidden layer weights proportional to output layer weights?,,,
Points,1,,,
Difficulty,3,,,
Answer,100,"Because the error contribution to the output, from a given hidden node is proportional to the weight connection the hidden node to the output node.",regexp,
Answer,66,Something like: Because the ouput error is proportional to that weight - not mentioning the contribution of the hidden node through that weight,,
Answer,33,Something like: That reduces the output's error,,
Feedback,"This is meant to assess familiarity with backpropagation. To reduce error at the output, weights must be adjusted in such a way that the error decreases. That means representing the effects of the hidden nodes, which depened on their connection weights to the output.",,,
,,,,
,,,,
//MULTIPLE CHOICE QUESTION TYPE,,,,
//Options must include text in column3,,,,
NewQuestion,MC,,,
ID,U2,,,
Title,Generalization insurance,,,
QuestionText,What is one way to mitigate the problem of a network failing to generalize?,,,
Points,1,,,
Difficulty,4,,,
Option,0,Increase the number of hidden nodes,,That is incorrect
Option,100,Add random noise to the input data,,Correct!
Option,0,Decrease the learning rate,,That is incorrect
Option,0,Increase the training time,,That is incorrect
Feedback,"Adding random noise can help ensure a network maintains generality. The noise corresponds to the network being presented unfamiliar inputs, corresponding to known classes. It are these unfamiliar inputs which can be excluded from classifiability by the network 'over-learning', as a result of excessive training or too many hidden nodes.",,,
,,,,
,,,,
//SHORT ANSWER QUESTION TYPE,,,,
//Answers must include text in column3,,,,
NewQuestion,SA,,,
ID,U3,,,
Title,Genetic Algorithm and Simulated Annealing similarity,,,
QuestionText,"Describe the common purpose of probabilistic changes to higher energy states in Simulated Annealing, and the semi-randomness of selection in Genetic Algorithms.",,,
Points,1,,,
Difficulty,3,,,
Answer,100,To allow the search to escape local minima by temporarily moving to less desirable states,regexp,
Answer,66,To add randomness to the search,,
Feedback,"Gradient-descent optimization algorithms are suseptble to converging on local minima, SA and GA can escape them by temporarily moving into less desirable states",,,
,,,,
,,,,
//MULTIPLE CHOICE QUESTION TYPE,,,,
//Options must include text in column3,,,,
NewQuestion,MC,,,
ID,U3,,,
Title,Simulated Annealing temperature role,,,
QuestionText,A lower temperature in the Simulated Annealing algorithm results in what?,,,
Points,1,,,
Difficulty,2,,,
Option,100,Greater likelihood of accepting higher energy states,,Correct!
Option,0,Greater likelihood of accepting lower energy states,,That is incorrect
Option,0,Lower likelihood of accepting higher energy states,,That is incorrect
Option,0,Lower likelihood of accepting lower energy states,,That is incorrect
Feedback,"The lower the temperature in a Simulated Annealing program, the more likely it is to move to a higher energy state",,,
,,,,
,,,,
//SHORT ANSWER QUESTION TYPE,,,,
//Answers must include text in column3,,,,
NewQuestion,SA,,,
ID,U4,,,
Title,Topological distance in SOMs,,,
QuestionText,What is the role of topological distance in Self-Organizing-Map weight update algorithms?,,,
Points,1,,,
Difficulty,4,,,
Answer,100,"In addition to the closest node to the input sample in input space, nodes within a certain topological distance are also moved.",regexp,
Answer,66,So nodes are updated to match data distribution,,
Answer,33,So nodes are updated into an ordered structure,,
Feedback,"More than just the winner node are moved. The topological distance threshold determining how many nodes move, decreases with time, allowing the search to converge.",,,
,,,,
,,,,
//MULTIPLE CHOICE QUESTION TYPE,,,,
//Options must include text in column3,,,,
NewQuestion,MC,,,
ID,U4,,,
Title,Unsupervised learning uses,,,
QuestionText,Which of the following is NOT a use for unsupervised learning,,,
Points,1,,,
Difficulty,3,,,
Option,0,Dimensionality reduction,,That is incorrect
Option,0,Data distribution approximation,,That is incorrect
Option,0,Competitive learning,,That is incorrect
Option,100,Time-series prediction,,Correct!
Feedback,Time-series prediction requires labelled data,,,
,,,,
,,,,
//SHORT ANSWER QUESTION TYPE,,,,
//Answers must include text in column3,,,,
NewQuestion,SA,,,
ID,U5,,,
Title,Bidirectional Associative Memory network difference,,,
QuestionText,How is a Bidirectional Associative Memory network unlike other models we have seen?,,,
Points,1,,,
Difficulty,3,,,
Answer,100,The input layer performs computation.,regexp,
Answer,66,Importance factors or significance factors,,
Hint,Input layer,,,
Feedback,"In other networks we have seen, the input layer merely passes input values into the network, not performing computation.",,,
,,,,
,,,,
//MULTIPLE CHOICE QUESTION TYPE,,,,
//Options must include text in column3,,,,
NewQuestion,MC,,,
ID,U5,,,
Title,Number of Brain-State-in-a-Box states,,,
QuestionText,"How many DISTINCT, non-degenerate, states can a BSB network with 3 nodes converge on?",,,
Points,1,,,
Difficulty,5,,,
Option,0,32,,That is incorrect
Option,0,48,,That is incorrect
Option,100,56,,Correct!
Option,0,64,,That is incorrect
Hint,"Look at the number of nodes, and locations they can converge.",,,
Feedback,"A 3D cube has 8 corners, each of which can hold one of 3 nodes upon convergence, 8 Choose 3 = 56",,,
